time_sec,x,y,yaw
1.9,-1.9999740393574441,-0.5000012048780254,7.628742852014577e-07
2.9,-1.9999623233556532,-0.5000021066439065,1.1883419250385708e-06
3.9,-1.9999411802175582,-0.5000028139363721,2.095180340902328e-06
4.9,-1.9999439076066565,-0.5000033109379338,2.415288196006118e-06
5.9,-1.9999395560309068,-0.5000036683211757,2.864288608428724e-06
6.9,-1.9999403557282092,-0.5000039273961877,3.10136039528454e-06
11.6,-1.9999397080065664,-0.5000044265537521,3.9168260573255795e-06
16.5,-1.9999386315971184,-0.5000045358494667,4.5816469030532e-06
21.3,-1.9999375133620507,-0.5000045666087133,5.1749516645087225e-06
26.2,-1.9999364397017954,-0.5000045819878081,5.767638551588707e-06
31.1,-1.9999353435682574,-0.5000045954823008,6.397556652527479e-06
36.0,-1.9999341890117592,-0.5000046075462588,7.009059697070214e-06
40.8,-1.999933123947709,-0.5000046196767455,7.568566727042868e-06
45.7,-1.9999320532683682,-0.5000046319883192,8.13172974434042e-06
50.6,-1.999930974771862,-0.5000046435901484,8.779735862665783e-06
55.5,-1.9999298699749624,-0.5000046558436603,9.330868308189692e-06
60.4,-1.9999287420706757,-0.5000046683110627,9.933101735864255e-06
65.2,-1.9999276103373456,-0.5000046823337903,1.0548955159402126e-05
70.1,-1.9999264974512612,-0.5000046929990904,1.1091553342712275e-05
75.1,-1.9999253799139707,-0.5000047054683584,1.1699958711389814e-05
80.1,-1.999924247124249,-0.5000047181461873,1.2296733087617104e-05
85.0,-1.9999231558325625,-0.5000047317959613,1.2940788193160785e-05
90.0,-1.9999220538723532,-0.5000047426010659,1.3544654556553332e-05
95.0,-1.9999209421639967,-0.5000047574953124,1.4152060731996627e-05
99.8,-1.957530725592633,-0.01858300151313594,1.918687816831422
104.6,-2.2181633777087746,0.9569965348281191,2.3285753193550507
109.6,-2.354678136621324,1.049559884977665,0.701130181495114
114.6,-2.121538749116811,0.646919065253942,-1.9005689312621739
119.6,-2.135767465344682,-0.5733378996860984,-1.3604764523635704
124.6,-2.122810269902865,-0.6459996914344853,1.2626183230528496
129.6,-2.599610029867634,-0.29897089679080807,-2.9239059562050835
134.6,-3.7873731849717505,-0.6786347372583978,-2.6487437178807074
139.6,-3.9120423923014798,-0.7444271071897172,1.0003587225594994
144.6,-3.190025298449891,-0.7278149437551351,-0.4507583481709382
149.6,-3.1945169347526887,-0.7422697323426667,-2.736914838073865
154.6,-4.061089931061434,-1.1449432978979641,-2.967415996118984
159.6,-3.8747110378337966,-0.670860455332118,-0.2000602887192709
164.6,-3.8733094964726003,-0.6732134164612948,-2.005559689569557
169.6,-3.261696129965502,-0.9859444432358981,-0.45479405876824913
174.6,-3.2618108665735934,-0.9891371344719215,-2.9366442005525966
179.6,-3.976785247804494,-0.185042139386746,2.1760481301782915
184.6,-4.836864577242826,0.7593535546949124,2.2954002605392145
189.6,-5.123687786370756,1.1272147849154266,-2.3463314308727554
194.6,-4.96629685682874,0.46807997776871446,-1.0282835304154607
199.6,-4.430141282427906,-0.6794775404894906,-1.2129310838476868
204.6,-4.428482586972004,-1.8148730041077308,-2.391370011706729
209.5,-5.430509268328329,-2.5128808122871282,-2.5119799338335604
214.5,-5.48583343314225,-2.549081540140628,1.07770381084166
219.5,-4.724937512095949,-1.9640345538123953,0.532938567308127
224.5,-3.6661133920585067,-1.7845501906798331,-1.070538993310778
229.5,-2.770091173008086,-2.5377080066275135,-0.330913726739557
234.5,-2.9761978762591763,-2.881170415713466,-2.9656188508175862
239.5,-3.385818015816675,-2.738870961888464,0.9121993874929091
244.5,-3.072862237597671,-2.961843165991985,-2.8066804802172114
249.5,-4.224119559317642,-3.313659292355145,-2.505374650746077
254.5,-5.3296540624219775,-3.9372121914984812,-2.637923769275938
259.5,-5.412431090693394,-3.983253363539367,-0.09385999382849373
264.5,-5.412541359521773,-3.98324447106708,-0.02357161714839216
269.5,-5.015928536491643,-3.6185870743005935,1.5618095391718174
274.5,-4.589907410034894,-2.4284197020577674,1.047201140396657
279.5,-3.934900962419919,-1.3225849131611893,1.0512319932478196
284.5,-3.2101812377098815,-0.2666722130179433,0.9446704626112963
289.5,-2.450169992065949,0.762213170878255,0.8987619419943398
294.5,-2.120800583793052,0.5843652119063031,-1.7443339705144842
299.5,-2.0692701990663114,-0.6301034466328781,-1.3478508653152366
304.5,-2.06584358893914,-0.6560306351079117,1.1182660216502844
309.5,-1.720532404210404,-0.7196661859452885,-0.16590181280908367
314.5,-1.129018014966422,-0.818715662772798,-0.16588991868668695
319.5,-0.5474848670701791,-0.9177516523566452,-0.16587778227662064
324.5,-0.14542760012084818,-1.1052549235709548,-1.2890353003381025
329.5,-1.1775071121088065,-1.2210577068192423,2.866196260295101
334.4,-2.398781423131046,-0.9620797953213753,3.1006590711902167
339.4,-2.693426717178557,-0.952133497268634,-1.9794640249637416
344.4,-2.6958776122396375,-0.9608803522495442,-1.8504883152752536
349.4,-2.697011270085784,-0.9648724069332625,-1.8264643231651094
354.4,-2.7094749340819098,-0.9927033614712263,-1.8538307133394467
359.4,-2.710227952129443,-0.9988893418934058,-1.6896442783917125
364.4,-2.71324798355911,-1.0206521426270554,-2.31571725974857
369.4,-2.7128784409483555,-1.0195879107223247,-1.6496241565392555
374.4,-2.7129133623879897,-1.0192312719500676,-1.4403947160564368
379.4,-2.113609220754485,-1.0538526096023706,0.15607386416491195
384.4,-0.8738694047663088,-1.2640217195879475,-0.2527917994159972
389.4,0.30968284792877965,-1.642685239799475,-0.5546849090186712
394.4,0.9712482527495023,-2.0191271379163607,0.812483843356524
399.4,0.07444716599786672,-1.5720282886045387,2.856121592188312
404.4,-1.0748899318548886,-1.109927069877302,2.6841415413445224
409.4,-2.0538427261518133,-0.6319390693169213,2.2462553577224744
414.4,-2.0517852991527223,-0.6289040658621969,-0.5663181484295428
419.4,-2.0517939212365777,-0.6289234489556877,-0.5681238467538623
424.4,-1.6387186218360859,-1.2703834866647628,-1.183349779061969
429.4,-1.1170812735283513,-2.349901220762552,-1.1054948716838005
434.4,-0.8122200109500953,-3.003169877437009,-2.4449982687846945
439.4,-1.1286965269254854,-2.0801842940977577,1.534122054848435
444.4,-1.1068488271784158,-0.8192594407005912,1.6467048156846427
449.4,-1.0677831905338757,-0.46883581528157864,-0.8451120470842064
454.4,-1.2873257207493507,-0.49692200845989637,2.780643887694471
459.3,-2.1607003708799395,0.3170656147982299,2.644107758109289
464.3,-3.2238816329661404,0.9892150795658848,2.5896521212665653
469.3,-3.9927958085916058,1.5195475008176118,2.1652108134121133
474.3,-4.3877085526384025,1.9641146528052233,-1.8352670397337387
479.3,-4.061255448427566,1.5693536235545764,-0.9152359276684449
484.3,-3.2273823045501615,1.3541030673548535,0.2147061964000905
489.3,-2.5317861007666123,0.6197658144098712,-0.6124282496271614
494.3,-1.4851667863453832,-0.08958238534002815,-0.6701624397038045
499.3,-0.6760695005181283,-0.6510337821251991,0.17856298391476655
504.3,-1.2491895762798966,0.11005813005212298,2.0452704926404586
509.3,-1.6237006418391422,1.1781394843323,2.0466707527495123
514.3,-1.249616366929353,0.8586205455423197,-1.2878490693888838
519.3,-0.6825117644359798,-0.3054454861964635,-0.8329817851786007
524.3,0.3763110063603534,-0.959798364450017,-0.5162631821375724
529.3,0.9593934164336907,-0.501584648519947,1.8030618723061524
534.3,0.40157392037460976,0.1942162061249373,-2.849840901490194
539.3,-0.8503789245597702,0.057398389180573585,3.00118433409321
544.3,-1.3577357277040245,0.1588896305378031,-1.9670605660563631
549.3,-1.444411687828523,0.09237194075849425,-2.7427791379388475
554.3,-2.4868939414016578,0.6681739568941687,2.752249938650777
559.3,-3.631090715626962,1.1874588892829485,2.70189475833609
564.3,-3.7139561872890687,2.171663259644363,0.6703656104481001
569.3,-2.7612782117040733,3.0405546601439326,0.8351622367823647
574.3,-2.4188516052106896,3.4327256136162587,-0.8114298712854513
579.2,-2.5099045888447824,3.3976212307961804,-3.087924552903665
584.2,-3.2571858682552843,4.062620714747051,-2.9523978168449845
589.2,-3.7842694834831434,3.0215562173738792,-2.3487927422342607
594.2,-3.8505923119218863,2.961514901958988,1.0987559722244067
599.2,-3.557405891402269,3.7067419016180074,1.1675802298445839
604.2,-3.1116560211585194,4.4249224617287295,0.9229034454672373
609.2,-3.109119746739925,4.423523960654103,-2.6731081502744174
614.2,-3.109112507778793,4.423509175761413,-2.673076557649005
